{
  "schema": "metal_treeshap.phase2.benchmark.v1",
  "status": "ok",
  "workload": {"paths": "/private/tmp/mtshap-phase2-final-workloads-v1/stress/paths.csv", "matrix": "/private/tmp/mtshap-phase2-final-workloads-v1/stress/X.csv", "expected": "/private/tmp/mtshap-phase2-final-workloads-v1/stress/expected.csv", "source_rows": 8192, "rows": 1, "cols": 12, "groups": 1, "raw_path_elements": 521503, "packed_bins": 11618, "atomic_writes_per_row": 296034, "simdgroup_writes_per_row": 86383, "deterministic_num_partials": 296034, "deterministic_num_active_cells": 12, "deterministic_scratch_bytes_per_row": 1184136, "theoretical_write_reduction": 3.42699},
  "configuration": {"kernel": "shaders/treeshap.metal", "kernel_kind": "source", "rows_per_simdgroup": 256, "threads_per_threadgroup": 256, "accumulation": "atomic", "model_storage": "shared", "deterministic_scratch_mib": 256, "warmups": 5, "iterations": 20},
  "setup_s": {"load": 0.51217295799999996, "pipeline": 0.094346417000000002, "model_compile": 0.53361720899999998, "warmup": 0.030310875000000001, "total_excluding_warmup": 1.140136584},
  "timing_s": {
    "wall": {"median": 0.00050200000000000006, "p10": 0.00046632879999999996, "p90": 0.0007710541, "samples": [0.00048870900000000004,0.00056970800000000004,0.00077087499999999997,0.00076279099999999997,0.00077266599999999998,0.00049908299999999999,0.00050491700000000002,0.00051162500000000004,0.000487667,0.00048495800000000001,0.00049766700000000003,0.00051979100000000002,0.00049870800000000005,0.00045970899999999999,0.00046670799999999998,0.00046291600000000001,0.00058629199999999998,0.00047037499999999998,0.00052308300000000003,0.00079533399999999997]},
    "gpu": {"median": 0.00033508334308862686, "p10": 0.00033387495204806328, "p90": 0.00034278745297342542, "samples": [0.00033387495204806328,0.00033479160629212856,0.00033795833587646484,0.00033687497489154339,0.00033658323809504509,0.00033474992960691452,0.0003357084933668375,0.00033499998971819878,0.00033341674134135246,0.00033412501215934753,0.00033483328297734261,0.00033591664396226406,0.0003407082986086607,0.00033516669645905495,0.00033387495204806328,0.00033529172651469707,0.00033454154618084431,0.00033408333547413349,0.0003614998422563076,0.00064858328551054001]},
    "api_total_samples": [0.000486083,0.00056570800000000005,0.00076720800000000002,0.00076091699999999995,0.000767875,0.00049679200000000002,0.00050029199999999995,0.00050937499999999995,0.00048508299999999998,0.000483167,0.00049495799999999999,0.00051550000000000001,0.00049549999999999996,0.00045808300000000003,0.00046545899999999999,0.000460292,0.00058458299999999996,0.00046900000000000002,0.00052216600000000001,0.00079420800000000002],
    "upload_samples": [4.1000000000000003e-08,1.2499999999999999e-07,2.91e-07,2.4999999999999999e-07,1.67e-07,3.7500000000000001e-07,1.2499999999999999e-07,3.7500000000000001e-07,8.3000000000000002e-08,1.2499999999999999e-07,8.3000000000000002e-08,1.66e-07,2.0900000000000001e-07,1.67e-07,8.3000000000000002e-08,8.3999999999999998e-08,8.3999999999999998e-08,1.2499999999999999e-07,8.3000000000000002e-08,1.2499999999999999e-07],
    "encode_samples": [9.1249999999999999e-06,1.5458999999999999e-05,1.9624999999999999e-05,1.8125e-05,1.8416000000000001e-05,2.3042000000000001e-05,1.4958e-05,2.1999999999999999e-05,1.1749999999999999e-05,1.3291e-05,9.7909999999999999e-06,1.7541999999999999e-05,1.6833999999999998e-05,1.4875000000000001e-05,1.0583e-05,9.0420000000000008e-06,1.2833000000000001e-05,9.2089999999999994e-06,9.4579999999999999e-06,8.4999999999999999e-06],
    "x_zero_copy_samples": [0,0,0,0,0,0,0,0,0,0,0,0,0,0,0,0,0,0,0,0],
    "deterministic_runtime": {"active_scratch_bytes_samples": [0,0,0,0,0,0,0,0,0,0,0,0,0,0,0,0,0,0,0,0], "tile_rows_samples": [0,0,0,0,0,0,0,0,0,0,0,0,0,0,0,0,0,0,0,0], "tile_count_samples": [0,0,0,0,0,0,0,0,0,0,0,0,0,0,0,0,0,0,0,0]}
  },
  "throughput": {"rows_per_wall_s": 1992.0318725099598, "rows_per_gpu_s": 2984.3321687748235},
  "repeatability": {"hash_algorithm": "fnv1a64-float-bits", "hashes": ["f3faf20f59fad333","939b4d294931af9b","2306c6d74f116af1","d8da73333b5acc8d","02f9c0b492025ecb","bb2647451bdf8f1e","c59bae9fb7ddd559","5d65bcef965c27ce","bb91dda60a0b64d5","54ee6c379545db28","20fda52308f19177","5472daed79ee27aa","c30747618c7fcaa4","774c0ed012554d8c","2c5757464d1829f8","c5aa281c0678f6d4","fcb4da9812b1a198","fb258c779a9fe85b","bcbf3d5ec21805f0","a455fa87d2e9e74f"], "unique_hashes": 20, "max_pairwise_abs": 5.7816505432128906e-06, "max_pairwise_relative_symmetric": 1.0180120261154019e-05, "relative_floor": 9.9999999999999995e-07},
  "accuracy": {"first_run_max_abs": 1.3336539268493652e-06, "first_run_max_relative": 1.0846638947747559e-05, "first_run_mean_abs": 2.7490134995717267e-07, "first_run_max_row_group_sum_abs": 3.695022314786911e-07, "worst_run_max_abs": 4.2319297790527344e-06, "worst_run_max_relative": 1.3573447621762309e-05, "worst_run_mean_abs": 5.4186854798060199e-07, "worst_run_max_row_group_sum_abs": 4.4263433665037155e-06, "relative_floor": 9.9999999999999995e-07, "max_abs_error_gate": 0.001000}
}
