{
  "schema": "metal_treeshap.phase2.benchmark.v1",
  "status": "ok",
  "workload": {"paths": "/private/tmp/mtshap-phase2-final-workloads-v1/stress/paths.csv", "matrix": "/private/tmp/mtshap-phase2-final-workloads-v1/stress/X.csv", "expected": "/private/tmp/mtshap-phase2-final-workloads-v1/stress/expected.csv", "source_rows": 8192, "rows": 8, "cols": 12, "groups": 1, "raw_path_elements": 521503, "packed_bins": 11618, "atomic_writes_per_row": 296034, "simdgroup_writes_per_row": 86383, "deterministic_num_partials": 296034, "deterministic_num_active_cells": 12, "deterministic_scratch_bytes_per_row": 1184136, "theoretical_write_reduction": 3.42699},
  "configuration": {"kernel": "shaders/treeshap.metal", "kernel_kind": "source", "rows_per_simdgroup": 256, "threads_per_threadgroup": 256, "accumulation": "atomic", "model_storage": "shared", "deterministic_scratch_mib": 256, "warmups": 5, "iterations": 20},
  "setup_s": {"load": 0.54448166600000003, "pipeline": 0.11824383300000001, "model_compile": 0.569059125, "warmup": 0.041963250000000001, "total_excluding_warmup": 1.2317846239999999},
  "timing_s": {
    "wall": {"median": 0.00051218750000000006, "p10": 0.00045342050000000001, "p90": 0.0010308414000000001, "samples": [0.0011985419999999999,0.00123,0.00066912500000000001,0.00050883299999999998,0.00055808300000000002,0.00090025000000000001,0.00054304099999999997,0.00051816700000000004,0.00049966699999999997,0.00045862499999999999,0.00064583299999999995,0.0010122079999999999,0.00051554200000000002,0.00046016699999999999,0.000430958,0.00044633299999999998,0.000454208,0.00049254099999999999,0.00049474999999999996,0.00050495800000000001]},
    "gpu": {"median": 0.00035114586353302002, "p10": 0.00030557492282241584, "p90": 0.0008781499695032837, "samples": [0.0010194999631494284,0.001017875038087368,0.00051299994811415672,0.0003598751500248909,0.00035729166120290756,0.00035004178062081337,0.00035191676579415798,0.00035616662353277206,0.00035037496127188206,0.00030687497928738594,0.00045574991963803768,0.00086262496188282967,0.00039841653779149055,0.00030558323487639427,0.00030137482099235058,0.00030583352781832218,0.00030550011433660984,0.00033137504942715168,0.00033287517726421356,0.00033250008709728718]},
    "api_total_samples": [0.0011904579999999999,0.001227583,0.00066525000000000004,0.00050308299999999998,0.0005555,0.00089599999999999999,0.00054149999999999999,0.00051716700000000002,0.00049874999999999995,0.00045729199999999998,0.00063670899999999995,0.001008292,0.00051366599999999997,0.000457792,0.00042925,0.00044558400000000001,0.000452125,0.00049141699999999996,0.00049383300000000005,0.00050262500000000003],
    "upload_samples": [3.7500000000000001e-07,2.9200000000000002e-07,8.3999999999999998e-08,2.4999999999999999e-07,5.8299999999999997e-07,8.3999999999999998e-08,4.9999999999999998e-07,1.2499999999999999e-07,1.66e-07,8.3000000000000002e-08,2.0900000000000001e-07,8.3000000000000002e-08,2.9200000000000002e-07,1.2499999999999999e-07,2.9200000000000002e-07,1.2499999999999999e-07,2.0900000000000001e-07,2.4999999999999999e-07,1.2499999999999999e-07,1.2499999999999999e-07],
    "encode_samples": [1.6875e-05,3.0624999999999999e-05,1.3834e-05,1.95e-05,3.1250000000000001e-05,1.525e-05,2.0333999999999999e-05,1.075e-05,8.1669999999999999e-06,7.0840000000000003e-06,9.4169999999999998e-06,7.875e-06,1.8291000000000002e-05,1.2415999999999999e-05,1.1625e-05,9.8339999999999994e-06,7.0840000000000003e-06,1.1292e-05,8.1669999999999999e-06,7.6660000000000008e-06],
    "x_zero_copy_samples": [0,0,0,0,0,0,0,0,0,0,0,0,0,0,0,0,0,0,0,0],
    "deterministic_runtime": {"active_scratch_bytes_samples": [0,0,0,0,0,0,0,0,0,0,0,0,0,0,0,0,0,0,0,0], "tile_rows_samples": [0,0,0,0,0,0,0,0,0,0,0,0,0,0,0,0,0,0,0,0], "tile_count_samples": [0,0,0,0,0,0,0,0,0,0,0,0,0,0,0,0,0,0,0,0]}
  },
  "throughput": {"rows_per_wall_s": 15619.280048810249, "rows_per_gpu_s": 22782.555145342671},
  "repeatability": {"hash_algorithm": "fnv1a64-float-bits", "hashes": ["c1fcf4a283ce7f20","bb171afa64bf0b06","87527e99f4e26295","3f800f9f45eab9fb","acba0a86b559f286","a269878dd23dc07f","0314a44277a3755a","3e19c1c975bba0f8","885f682e24f2af23","4dcbf5a7e5e139ac","09eef8cdd3cda17b","223d8b781312a1df","2041e2bab1412939","c9e5e501244b0de8","09ca6f56b6f74bc6","cd3ac51741cc7c67","cf011f81a3b8cdc8","f4e114e9246873ac","c5e1134f741153c3","613587772e717678"], "unique_hashes": 20, "max_pairwise_abs": 9.5367431640625e-06, "max_pairwise_relative_symmetric": 0.00034870611726858038, "relative_floor": 9.9999999999999995e-07},
  "accuracy": {"first_run_max_abs": 8.58306884765625e-06, "first_run_max_relative": 0.000152443443482468, "first_run_mean_abs": 5.8165950087221483e-07, "first_run_max_row_group_sum_abs": 1.0903488146141171e-05, "worst_run_max_abs": 9.4175338745117188e-06, "worst_run_max_relative": 0.00023547513872353357, "worst_run_mean_abs": 7.010577729278549e-07, "worst_run_max_row_group_sum_abs": 1.3032580682192929e-05, "relative_floor": 9.9999999999999995e-07, "max_abs_error_gate": 0.001000}
}
