{
  "schema": "metal_treeshap.phase2.benchmark.v1",
  "status": "ok",
  "workload": {"paths": "/private/tmp/mtshap-phase2-final-workloads-v1/stress/paths.csv", "matrix": "/private/tmp/mtshap-phase2-final-workloads-v1/stress/X.csv", "expected": "/private/tmp/mtshap-phase2-final-workloads-v1/stress/expected.csv", "source_rows": 8192, "rows": 32, "cols": 12, "groups": 1, "raw_path_elements": 521503, "packed_bins": 11618, "atomic_writes_per_row": 296034, "simdgroup_writes_per_row": 86383, "deterministic_num_partials": 296034, "deterministic_num_active_cells": 12, "deterministic_scratch_bytes_per_row": 1184136, "theoretical_write_reduction": 3.42699},
  "configuration": {"kernel": "shaders/treeshap.metal", "kernel_kind": "source", "rows_per_simdgroup": 256, "threads_per_threadgroup": 256, "accumulation": "atomic", "model_storage": "shared", "deterministic_scratch_mib": 256, "warmups": 5, "iterations": 20},
  "setup_s": {"load": 0.54071837499999997, "pipeline": 0.116709084, "model_compile": 0.52538537500000004, "warmup": 0.042487042000000003, "total_excluding_warmup": 1.1828128339999999},
  "timing_s": {
    "wall": {"median": 0.00087762449999999998, "p10": 0.00085510840000000007, "p90": 0.0013877458000000002, "samples": [0.0016899160000000001,0.001383125,0.00096266699999999995,0.00087520899999999995,0.00086574999999999998,0.00085537500000000002,0.000852709,0.00086254099999999998,0.00088241700000000003,0.00087966699999999999,0.00088487500000000003,0.00087616600000000005,0.00088612499999999998,0.0014293330000000001,0.00084816700000000004,0.00088599999999999996,0.00087704099999999995,0.00087820800000000001,0.00086462500000000005,0.00085866600000000001]},
    "gpu": {"median": 0.00072291656397283077, "p10": 0.00072219581343233583, "p90": 0.0012344500049948693, "samples": [0.0015368333552032709,0.0012288750149309635,0.00079179182648658752,0.0007222082931548357,0.00072208349592983723,0.0007230415940284729,0.00072208326309919357,0.000722500029951334,0.0007224581204354763,0.0007327499333769083,0.00072387512773275375,0.00072262506000697613,0.00072625000029802322,0.0012846249155700207,0.00072875013574957848,0.00072695850394666195,0.00072279153391718864,0.00072254170663654804,0.00072237499989569187,0.000722500029951334]},
    "api_total_samples": [0.0016872499999999999,0.0013814999999999999,0.00096000000000000002,0.00087241700000000001,0.00086462500000000005,0.00085395800000000004,0.00085183299999999997,0.00086145799999999995,0.00088016600000000004,0.00087816599999999999,0.00088370799999999998,0.00087350000000000004,0.00088537499999999999,0.001428042,0.00084691599999999997,0.00088333400000000005,0.00087549999999999998,0.00087629199999999998,0.000862625,0.00085775000000000001],
    "upload_samples": [5.8400000000000004e-07,4.1699999999999999e-07,2.4999999999999999e-07,3.7500000000000001e-07,2.4999999999999999e-07,2.9200000000000002e-07,2.0800000000000001e-07,2.0800000000000001e-07,2.0900000000000001e-07,3.34e-07,2.0800000000000001e-07,2.0800000000000001e-07,3.7500000000000001e-07,1.2499999999999999e-07,2.4999999999999999e-07,2.91e-07,2.4999999999999999e-07,2.4999999999999999e-07,2.9200000000000002e-07,2.0900000000000001e-07],
    "encode_samples": [1.4042e-05,1.3125000000000001e-05,1.0000000000000001e-05,1.6082999999999998e-05,1.6625000000000001e-05,8.8750000000000006e-06,9.9580000000000002e-06,7.9589999999999995e-06,8.208e-06,1.2542e-05,1.0625000000000001e-05,9.0829999999999993e-06,1.8e-05,7.3749999999999997e-06,9.1670000000000005e-06,7.6249999999999998e-06,1.1625e-05,9.2089999999999994e-06,1.0458e-05,1.0958000000000001e-05],
    "x_zero_copy_samples": [0,0,0,0,0,0,0,0,0,0,0,0,0,0,0,0,0,0,0,0],
    "deterministic_runtime": {"active_scratch_bytes_samples": [0,0,0,0,0,0,0,0,0,0,0,0,0,0,0,0,0,0,0,0], "tile_rows_samples": [0,0,0,0,0,0,0,0,0,0,0,0,0,0,0,0,0,0,0,0], "tile_count_samples": [0,0,0,0,0,0,0,0,0,0,0,0,0,0,0,0,0,0,0,0]}
  },
  "throughput": {"rows_per_wall_s": 36462.063217241543, "rows_per_gpu_s": 44265.135971075426},
  "repeatability": {"hash_algorithm": "fnv1a64-float-bits", "hashes": ["91e0316ec95b6404","51d8c11a6409b308","a453bdce00b988a4","0d6b8cc9cd982ff4","1ea7913f7cf2dec1","b8120165ca008f95","1869cec9abb77a19","b419f1fccd0c2437","440b7b3cadce02ef","cb77a0a3ba34ecac","08d9640b565cca40","adafbac3c2b38775","55368d0aab4e8f12","1d1761df607359e1","3c251e338e1ab7f0","c6ab27a5b23a8afa","7c5dcbc10bbb7bd8","1c9a1b3cded9039c","50cceb4e568ebfe3","0d5288b0c030f498"], "unique_hashes": 20, "max_pairwise_abs": 1.1920928955078125e-05, "max_pairwise_relative_symmetric": 0.00020468672621575855, "relative_floor": 9.9999999999999995e-07},
  "accuracy": {"first_run_max_abs": 1.6927719116210938e-05, "first_run_max_relative": 7.8408410479712028e-05, "first_run_mean_abs": 7.2043247183291192e-07, "first_run_max_row_group_sum_abs": 2.0474893972277641e-05, "worst_run_max_abs": 1.7762184143066406e-05, "worst_run_max_relative": 0.00026652611880992154, "worst_run_mean_abs": 7.3622374849527171e-07, "worst_run_max_row_group_sum_abs": 2.1558720618486404e-05, "relative_floor": 9.9999999999999995e-07, "max_abs_error_gate": 0.001000}
}
