{
  "schema": "metal_treeshap.phase2.benchmark.v1",
  "status": "ok",
  "workload": {"paths": "/private/tmp/mtshap-phase2-final-workloads-v1/stress/paths.csv", "matrix": "/private/tmp/mtshap-phase2-final-workloads-v1/stress/X.csv", "expected": "/private/tmp/mtshap-phase2-final-workloads-v1/stress/expected.csv", "source_rows": 8192, "rows": 2048, "cols": 12, "groups": 1, "raw_path_elements": 521503, "packed_bins": 11618, "atomic_writes_per_row": 296034, "simdgroup_writes_per_row": 86383, "deterministic_num_partials": 296034, "deterministic_num_active_cells": 12, "deterministic_scratch_bytes_per_row": 1184136, "theoretical_write_reduction": 3.42699},
  "configuration": {"kernel": "shaders/treeshap.metal", "kernel_kind": "source", "rows_per_simdgroup": 256, "threads_per_threadgroup": 256, "accumulation": "atomic", "model_storage": "shared", "deterministic_scratch_mib": 256, "warmups": 5, "iterations": 20},
  "setup_s": {"load": 0.89514458299999999, "pipeline": 0.15706820799999999, "model_compile": 0.73477904199999999, "warmup": 0.55431216699999997, "total_excluding_warmup": 1.7869918330000001},
  "timing_s": {
    "wall": {"median": 0.16053408349999998, "p10": 0.14999343330000001, "p90": 0.18681781310000001, "samples": [0.177950833,0.20122716700000001,0.20043349999999999,0.185302208,0.18530495899999999,0.18466337499999999,0.180179125,0.171745916,0.16209383299999999,0.15750375,0.15949537499999999,0.15993399999999999,0.16113416699999999,0.15023820900000001,0.150361834,0.15093183399999999,0.15075229200000001,0.150117625,0.148875708,0.14742191700000001]},
    "gpu": {"median": 0.1592242291662842, "p10": 0.14965999582782388, "p90": 0.18644303742330523, "samples": [0.17724112491123378,0.20087387505918741,0.20005399989895523,0.1849307082593441,0.18367870827205479,0.18417862500064075,0.17914674989879131,0.17015116661787033,0.15891674999147654,0.15717262518592179,0.15879866667091846,0.15953170834109187,0.16007600002922118,0.14996416680514812,0.15009316685609519,0.15063187503255904,0.15042112511582673,0.14979404164478183,0.14845358347520232,0.14707395830191672]},
    "api_total_samples": [0.17790716600000001,0.20119145799999999,0.20040037499999999,0.18527774999999999,0.18527516699999999,0.18460812500000001,0.18009349999999999,0.171710792,0.16206725,0.157483709,0.15945337500000001,0.159915209,0.161104792,0.15021404199999999,0.15034212499999999,0.15091333300000001,0.15073183300000001,0.15009808299999999,0.14885637500000001,0.147380125],
    "upload_samples": [4.9249999999999998e-05,4.3124999999999998e-05,5.0000000000000002e-05,4.1582999999999998e-05,2.6458999999999999e-05,4.8667e-05,4.2624999999999999e-05,0.00010495799999999999,4.7709e-05,3.6415999999999998e-05,4.0833e-05,4.1332999999999999e-05,2.7542000000000002e-05,3.1958000000000001e-05,2.7209e-05,3.0457999999999999e-05,6.4957999999999997e-05,2.6957999999999998e-05,3.5457999999999998e-05,3.1749999999999999e-05],
    "encode_samples": [0.00013774999999999999,3.9833000000000003e-05,5.2374999999999999e-05,4.6291000000000001e-05,3.9666999999999998e-05,4.7166000000000002e-05,3.875e-05,0.00022708299999999999,4.9583000000000003e-05,4.5124999999999999e-05,3.875e-05,6.2582999999999994e-05,2.8167e-05,3.4959000000000002e-05,2.9666e-05,3.6458999999999998e-05,3.9875e-05,3.5166999999999997e-05,3.8374999999999998e-05,5.2125e-05],
    "x_zero_copy_samples": [1,1,1,1,1,1,1,1,1,1,1,1,1,1,1,1,1,1,1,1],
    "deterministic_runtime": {"active_scratch_bytes_samples": [0,0,0,0,0,0,0,0,0,0,0,0,0,0,0,0,0,0,0,0], "tile_rows_samples": [0,0,0,0,0,0,0,0,0,0,0,0,0,0,0,0,0,0,0,0], "tile_count_samples": [0,0,0,0,0,0,0,0,0,0,0,0,0,0,0,0,0,0,0,0]}
  },
  "throughput": {"rows_per_wall_s": 12757.415468099023, "rows_per_gpu_s": 12862.364042982379},
  "repeatability": {"hash_algorithm": "fnv1a64-float-bits", "hashes": ["2375beed602c5b54","bf0fc5632badd340","13f7c864d03194e3","4b043840cf4f805e","4665a163336cb3a9","19831bbf135276ba","174a5c76f47fc465","bfed0484b142c0ef","562419e33cbbdd14","6036389186c08475","448de6f41f4166e7","c396c3e20899c663","342f05629444dc7f","f26ad01419182063","1d8672eca9834e68","c688e2bb802e4cce","b9f7809afe1eb900","0ea8ffb88679bd18","53cb92adda6fefba","50ea0dd3d1ec9a17"], "unique_hashes": 20, "max_pairwise_abs": 4.76837158203125e-05, "max_pairwise_relative_symmetric": 0.010403421784466791, "relative_floor": 9.9999999999999995e-07},
  "accuracy": {"first_run_max_abs": 5.435943603515625e-05, "first_run_max_relative": 0.0028105195221529793, "first_run_mean_abs": 7.0403553602805553e-07, "first_run_max_row_group_sum_abs": 5.1010865718126297e-05, "worst_run_max_abs": 6.580352783203125e-05, "worst_run_max_relative": 0.0057832132588171116, "worst_run_mean_abs": 7.1697670729513441e-07, "worst_run_max_row_group_sum_abs": 6.3311948906630278e-05, "relative_floor": 9.9999999999999995e-07, "max_abs_error_gate": 0.001000}
}
