{
  "schema": "metal_treeshap.phase2.benchmark.v1",
  "status": "ok",
  "workload": {"paths": "/private/tmp/mtshap-phase2-final-workloads-v1/stress/paths.csv", "matrix": "/private/tmp/mtshap-phase2-final-workloads-v1/stress/X.csv", "expected": "/private/tmp/mtshap-phase2-final-workloads-v1/stress/expected.csv", "source_rows": 8192, "rows": 128, "cols": 12, "groups": 1, "raw_path_elements": 521503, "packed_bins": 11618, "atomic_writes_per_row": 296034, "simdgroup_writes_per_row": 86383, "deterministic_num_partials": 296034, "deterministic_num_active_cells": 12, "deterministic_scratch_bytes_per_row": 1184136, "theoretical_write_reduction": 3.42699},
  "configuration": {"kernel": "shaders/treeshap.metal", "kernel_kind": "source", "rows_per_simdgroup": 256, "threads_per_threadgroup": 256, "accumulation": "atomic", "model_storage": "shared", "deterministic_scratch_mib": 256, "warmups": 5, "iterations": 20},
  "setup_s": {"load": 0.54362237499999999, "pipeline": 0.13248199999999999, "model_compile": 0.52361504199999997, "warmup": 0.062625165999999996, "total_excluding_warmup": 1.1997194169999998},
  "timing_s": {
    "wall": {"median": 0.0031485834999999997, "p10": 0.0030403128000000001, "p90": 0.0035324494000000001, "samples": [0.0030570419999999998,0.0031386669999999999,0.0034069999999999999,0.0030326250000000002,0.003041167,0.0034203749999999998,0.003344208,0.003133083,0.0035249159999999999,0.0030653329999999999,0.0031534589999999999,0.003453167,0.0033448340000000001,0.0030864590000000002,0.0031437079999999998,0.0036002500000000002,0.0032431249999999999,0.003029042,0.0038723749999999999,0.0031069159999999999]},
    "gpu": {"median": 0.0029682707972824574, "p10": 0.0028612416470423343, "p90": 0.0033110040705651047, "samples": [0.0028607917483896017,0.0029550415929406881,0.0032340416219085455,0.0028612916357815266,0.0028596664778888226,0.0032447082921862602,0.0031684583518654108,0.0029228748753666878,0.0033044582232832909,0.0028614583425223827,0.0029291249811649323,0.0032978334929794073,0.0031748749315738678,0.002919583348557353,0.0029815000016242266,0.0033699166961014271,0.0030913748778402805,0.0028926667291671038,0.0036922500003129244,0.0028642916586250067]},
    "api_total_samples": [0.0030509170000000002,0.0031340830000000002,0.0034017909999999999,0.0030279170000000002,0.003036834,0.0034137500000000001,0.0033400840000000001,0.0031270410000000001,0.0035195000000000001,0.0030599999999999998,0.0031502090000000002,0.0034482499999999999,0.003341625,0.0030822499999999999,0.0031375000000000001,0.0035946250000000002,0.0032404159999999999,0.003025584,0.0038685410000000001,0.003103167],
    "upload_samples": [9.5799999999999998e-07,1.0410000000000001e-06,9.9999999999999995e-07,6.6700000000000003e-07,8.3300000000000001e-07,7.5000000000000002e-07,9.5799999999999998e-07,4.1600000000000002e-07,8.3399999999999998e-07,9.5799999999999998e-07,7.0800000000000004e-07,5.4199999999999996e-07,5.4199999999999996e-07,5.4099999999999999e-07,7.0800000000000004e-07,9.9999999999999995e-07,7.92e-07,5.4199999999999996e-07,6.2500000000000005e-07,8.7499999999999999e-07],
    "encode_samples": [2.7166999999999999e-05,2.5125000000000001e-05,2.1209e-05,2.2416999999999999e-05,2.7667000000000001e-05,2.2665999999999999e-05,2.9332999999999999e-05,1.8334000000000001e-05,2.2708999999999999e-05,3.7042000000000002e-05,2.2291999999999999e-05,1.4791e-05,2.2583e-05,1.9916999999999999e-05,1.6708e-05,2.6957999999999998e-05,1.9916e-05,1.5832999999999999e-05,1.7291000000000001e-05,1.8833000000000001e-05],
    "x_zero_copy_samples": [0,0,0,0,0,0,0,0,0,0,0,0,0,0,0,0,0,0,0,0],
    "deterministic_runtime": {"active_scratch_bytes_samples": [0,0,0,0,0,0,0,0,0,0,0,0,0,0,0,0,0,0,0,0], "tile_rows_samples": [0,0,0,0,0,0,0,0,0,0,0,0,0,0,0,0,0,0,0,0], "tile_count_samples": [0,0,0,0,0,0,0,0,0,0,0,0,0,0,0,0,0,0,0,0]}
  },
  "throughput": {"rows_per_wall_s": 40653.20166989378, "rows_per_gpu_s": 43122.750160527103},
  "repeatability": {"hash_algorithm": "fnv1a64-float-bits", "hashes": ["a4ef995a1db97e37","0d1ee77f6482beca","4f5f471e6b45e3d6","88df6324304bafbc","df0210f9a9060181","eee1f725ba83d1dc","9b408663ed6ff56d","185842185aa3256d","fdcb395964f80353","28cc9238fa24cd42","ac429776ba547369","817ac264793a88a4","0307f4eaa23c7eeb","26a9ce479069ae71","b08ad6c699984d87","1fa905bbb2a7f4ab","edaef4674d47d1fa","0d5339c50aefaf61","fcd37da26e410e62","036e95af57539dde"], "unique_hashes": 20, "max_pairwise_abs": 1.71661376953125e-05, "max_pairwise_relative_symmetric": 0.00021499335276291764, "relative_floor": 9.9999999999999995e-07},
  "accuracy": {"first_run_max_abs": 2.384185791015625e-05, "first_run_max_relative": 0.00012720968712926235, "first_run_mean_abs": 6.8075958818798631e-07, "first_run_max_row_group_sum_abs": 2.7380709070712328e-05, "worst_run_max_abs": 3.1948089599609375e-05, "worst_run_max_relative": 0.00026433943007144351, "worst_run_mean_abs": 7.0566802015456722e-07, "worst_run_max_row_group_sum_abs": 3.4883618354797363e-05, "relative_floor": 9.9999999999999995e-07, "max_abs_error_gate": 0.001000}
}
