{
  "schema": "metal_treeshap.phase2.benchmark.v1",
  "status": "ok",
  "workload": {"paths": "/private/tmp/mtshap-phase2-final-workloads-v1/stress/paths.csv", "matrix": "/private/tmp/mtshap-phase2-final-workloads-v1/stress/X.csv", "expected": "/private/tmp/mtshap-phase2-final-workloads-v1/stress/expected.csv", "source_rows": 8192, "rows": 512, "cols": 12, "groups": 1, "raw_path_elements": 521503, "packed_bins": 11618, "atomic_writes_per_row": 296034, "simdgroup_writes_per_row": 86383, "deterministic_num_partials": 296034, "deterministic_num_active_cells": 12, "deterministic_scratch_bytes_per_row": 1184136, "theoretical_write_reduction": 3.42699},
  "configuration": {"kernel": "shaders/treeshap.metal", "kernel_kind": "source", "rows_per_simdgroup": 256, "threads_per_threadgroup": 256, "accumulation": "atomic", "model_storage": "shared", "deterministic_scratch_mib": 256, "warmups": 5, "iterations": 20},
  "setup_s": {"load": 0.61210162499999998, "pipeline": 0.12534575000000001, "model_compile": 0.59405270799999998, "warmup": 0.095965833, "total_excluding_warmup": 1.3315000829999999},
  "timing_s": {
    "wall": {"median": 0.014792042, "p10": 0.0130389419, "p90": 0.017838041700000001, "samples": [0.012602459,0.013052417,0.013548584000000001,0.012917666,0.013207791999999999,0.013394333,0.01401725,0.014090458,0.0141665,0.014535292,0.015058541999999999,0.015048792,0.015491875,0.016203833000000001,0.016126333,0.016683083000000001,0.017561209000000001,0.01779,0.018270417000000001,0.018897375000000001]},
    "gpu": {"median": 0.014552708365954459, "p10": 0.012819991586729884, "p90": 0.017599916737526655, "samples": [0.012310750083997846,0.012840749928727746,0.013262041611596942,0.012633166508749127,0.012954500038176775,0.013165000127628446,0.013794583268463612,0.013773875078186393,0.013967750128358603,0.014290916733443737,0.01481449999846518,0.014834166504442692,0.015117500210180879,0.015964500140398741,0.015883124899119139,0.016451333416625857,0.017308333422988653,0.01754937507212162,0.01805479172617197,0.018691083183512092]},
    "api_total_samples": [0.012594915999999999,0.013043792,0.013541457999999999,0.012881458,0.01320175,0.01338725,0.014007666,0.014084208000000001,0.0141595,0.01452525,0.015050834000000001,0.01504175,0.015483958000000001,0.016196958000000001,0.016113542000000002,0.016675124999999999,0.017553875,0.017784041,0.018263874999999999,0.018888124999999999],
    "upload_samples": [1.5e-06,2.1660000000000001e-06,1.4580000000000001e-06,1.8330000000000001e-06,2.7920000000000001e-06,1.917e-06,1.4589999999999999e-06,1.6670000000000001e-06,2.1660000000000001e-06,1.5829999999999999e-06,1.875e-06,1.8330000000000001e-06,1.5e-06,2.125e-06,2.125e-06,1.584e-06,2.0420000000000001e-06,1.584e-06,1.916e-06,1.4160000000000001e-06],
    "encode_samples": [3.0334000000000001e-05,2.9958999999999999e-05,3.5459000000000001e-05,3.65e-05,4.7042000000000001e-05,3.3958999999999998e-05,2.9374999999999999e-05,3.7082999999999997e-05,2.9167e-05,3.1958999999999997e-05,3.5417000000000003e-05,3.3584000000000002e-05,3.2125000000000002e-05,3.0916e-05,3.3791999999999998e-05,2.9334000000000001e-05,3.8083000000000001e-05,3.0874999999999998e-05,2.7334e-05,2.7708999999999998e-05],
    "x_zero_copy_samples": [0,0,0,0,0,0,0,0,0,0,0,0,0,0,0,0,0,0,0,0],
    "deterministic_runtime": {"active_scratch_bytes_samples": [0,0,0,0,0,0,0,0,0,0,0,0,0,0,0,0,0,0,0,0], "tile_rows_samples": [0,0,0,0,0,0,0,0,0,0,0,0,0,0,0,0,0,0,0,0], "tile_count_samples": [0,0,0,0,0,0,0,0,0,0,0,0,0,0,0,0,0,0,0,0]}
  },
  "throughput": {"rows_per_wall_s": 34613.206209122443, "rows_per_gpu_s": 35182.454504331698},
  "repeatability": {"hash_algorithm": "fnv1a64-float-bits", "hashes": ["c6c5a129f7494717","ea4d65540b2a3936","6b46f65e659ec676","0a614db18689b2a7","b48ec178ee2624e9","d07890a8c242052e","e7c7b0ca5b4d6239","88e721eb2fee43a1","7ae312161d74ebc1","112c9ef761c22958","b71ca94e53ae77fc","978c1d9be591e020","f4e4aa4190f9db26","e06a9e8aff2be79c","ea3440280623ea0e","33177a94ed3d6a1a","517e49cfe72af16e","7448ebb5034e03b4","99aac3fed8fc93e7","52e5bb0df18d20a7"], "unique_hashes": 20, "max_pairwise_abs": 2.86102294921875e-05, "max_pairwise_relative_symmetric": 0.0064316463510925613, "relative_floor": 9.9999999999999995e-07},
  "accuracy": {"first_run_max_abs": 3.2901763916015625e-05, "first_run_max_relative": 0.002898154966959427, "first_run_mean_abs": 6.8986060042242059e-07, "first_run_max_row_group_sum_abs": 2.9380200430750847e-05, "worst_run_max_abs": 4.1484832763671875e-05, "worst_run_max_relative": 0.0050220156044093961, "worst_run_mean_abs": 7.0482425403776222e-07, "worst_run_max_row_group_sum_abs": 3.7985621020197868e-05, "relative_floor": 9.9999999999999995e-07, "max_abs_error_gate": 0.001000}
}
