{
  "schema": "metal_treeshap.phase2.benchmark.v1",
  "status": "ok",
  "workload": {"paths": "/private/tmp/mtshap-phase2-final-workloads-v1/stress/paths.csv", "matrix": "/private/tmp/mtshap-phase2-final-workloads-v1/stress/X.csv", "expected": "/private/tmp/mtshap-phase2-final-workloads-v1/stress/expected.csv", "source_rows": 8192, "rows": 8192, "cols": 12, "groups": 1, "raw_path_elements": 521503, "packed_bins": 11618, "atomic_writes_per_row": 296034, "simdgroup_writes_per_row": 86383, "deterministic_num_partials": 296034, "deterministic_num_active_cells": 12, "deterministic_scratch_bytes_per_row": 1184136, "theoretical_write_reduction": 3.42699},
  "configuration": {"kernel": "shaders/treeshap.metal", "kernel_kind": "source", "rows_per_simdgroup": 256, "threads_per_threadgroup": 256, "accumulation": "atomic", "model_storage": "shared", "deterministic_scratch_mib": 256, "warmups": 5, "iterations": 20},
  "setup_s": {"load": 0.59610695800000002, "pipeline": 0.14237387500000001, "model_compile": 0.49878858300000001, "warmup": 2.9583391250000002, "total_excluding_warmup": 1.237269416},
  "timing_s": {
    "wall": {"median": 0.61545595799999997, "p10": 0.56001767499999999, "p90": 0.68455135870000006, "samples": [0.69086770900000005,0.68384954200000003,0.74497679100000003,0.64443008300000004,0.64577283299999999,0.64919029100000003,0.61236741699999997,0.59248379200000001,0.56068237499999996,0.55219629199999998,0.554035375,0.57913120799999995,0.58147045799999997,0.61309516600000002,0.61521445799999996,0.61643937500000001,0.61569745799999998,0.61498820799999998,0.61628345900000003,0.61927874999999999]},
    "gpu": {"median": 0.61480095842853189, "p10": 0.55969461670611054, "p90": 0.68397155418060718, "samples": [0.69046516669914126,0.68325004167854786,0.7445684582926333,0.64406587486155331,0.64544008322991431,0.64873925014398992,0.61196937505155802,0.59207937517203391,0.56035825004801154,0.55182100017555058,0.5537219166290015,0.57834949996322393,0.58111729170195758,0.61274158325977623,0.61490925005637109,0.61613879166543484,0.61294487491250038,0.61469266680069268,0.61595074995420873,0.61868862505070865]},
    "api_total_samples": [0.690832,0.68381762499999998,0.74494608299999998,0.64438874999999995,0.64571816699999995,0.64915416699999995,0.61232954100000003,0.59245779099999996,0.56065237499999998,0.55216316700000001,0.55401391700000002,0.57910733400000003,0.58144874999999996,0.61306099999999997,0.61518854099999998,0.61641695799999996,0.61565441600000004,0.61496304199999996,0.61625120799999999,0.61924654199999996],
    "upload_samples": [2.8334e-05,5.5958000000000002e-05,0.00010479099999999999,5.2374999999999999e-05,2.6041e-05,3.5166999999999997e-05,4.0874999999999997e-05,3.3040999999999998e-05,4.4916999999999997e-05,4.9166000000000003e-05,3.1250000000000001e-05,2.0707999999999999e-05,2.5167000000000001e-05,2.0458e-05,3.1334000000000002e-05,3.2499999999999997e-05,2.6375000000000001e-05,2.1500000000000001e-05,2.2291999999999999e-05,2.5125000000000001e-05],
    "encode_samples": [4.1165999999999999e-05,0.000156083,4.5707999999999997e-05,5.6541e-05,3.6584000000000001e-05,3.7874999999999999e-05,4.0791999999999998e-05,3.5292e-05,4.1415999999999998e-05,3.9416999999999999e-05,3.1791000000000001e-05,2.7124999999999999e-05,3.0042000000000001e-05,2.6625e-05,3.2707999999999999e-05,3.7583999999999998e-05,2.6333999999999999e-05,2.9459e-05,3.6375000000000003e-05,4.2957999999999998e-05],
    "x_zero_copy_samples": [1,1,1,1,1,1,1,1,1,1,1,1,1,1,1,1,1,1,1,1],
    "deterministic_runtime": {"active_scratch_bytes_samples": [0,0,0,0,0,0,0,0,0,0,0,0,0,0,0,0,0,0,0,0], "tile_rows_samples": [0,0,0,0,0,0,0,0,0,0,0,0,0,0,0,0,0,0,0,0], "tile_count_samples": [0,0,0,0,0,0,0,0,0,0,0,0,0,0,0,0,0,0,0,0]}
  },
  "throughput": {"rows_per_wall_s": 13310.456895438812, "rows_per_gpu_s": 13324.637653362224},
  "repeatability": {"hash_algorithm": "fnv1a64-float-bits", "hashes": ["0bcd2276fb6f9a38","456e9b8a4df9b987","0893e8a2b0e38f5c","90787ef00b949da0","ccc0e52717e341ea","f0a66bdde0f326d8","e64e218109ea3de7","1abf60f93e6233d3","11d537d702a96bea","6f4f3774d790c315","54868b127d799dd6","a6977db88b2aca28","af49eccd0bd9c3b3","2d236053ee565b61","101074343cf708cf","7b69670c54b364a1","6fe76a5ff087146a","3d4eb2004610bb27","b3336516f8f53049","aaa63d6f049c8a85"], "unique_hashes": 20, "max_pairwise_abs": 5.3882598876953125e-05, "max_pairwise_relative_symmetric": 0.027177861738891806, "relative_floor": 9.9999999999999995e-07},
  "accuracy": {"first_run_max_abs": 5.9604644775390625e-05, "first_run_max_relative": 0.0084065163719060365, "first_run_mean_abs": 7.1169708739574705e-07, "first_run_max_row_group_sum_abs": 6.6158128902316093e-05, "worst_run_max_abs": 6.67572021484375e-05, "worst_run_max_relative": 0.017950924302567728, "worst_run_mean_abs": 7.1221563631162629e-07, "worst_run_max_row_group_sum_abs": 6.9812638685107231e-05, "relative_floor": 9.9999999999999995e-07, "max_abs_error_gate": 0.001000}
}
